{"cameraMode":{"drawMode":0,"name":"Shaded","section":"Shading Mode"},"sceneLighting":false,"audioPlay":false,"sceneViewState":{"m_AlwaysRefresh":false,"showFog":true,"showSkybox":false,"showFlares":true,"showImageEffects":true,"showParticleSystems":true,"showVisualEffectGraphs":true,"m_FxEnabled":true},"in2DMode":false,"pivot":{"x":-33.91899871826172,"y":1.2220001220703126,"z":2.2790002822875978},"rotation":{"x":0.7069724202156067,"y":-0.013787711970508099,"z":0.013787711970508099,"w":0.7069724202156067},"size":4.156923294067383,"orthographic":false}